{
    "parent": "item/handheld",
    "textures": {
        "layer0": "item/brick"
    },
	"overrides": [
		{ "predicate": { "custom_model_data": 1 }, "model": "item/item/ice_dust"},
		{ "predicate": { "custom_model_data": 2 }, "model": "item/item/ice_crystal"},
		{ "predicate": { "custom_model_data": 3 }, "model": "item/item/material4"},
		{ "predicate": { "custom_model_data": 4 }, "model": "item/item/material2"},
		{ "predicate": { "custom_model_data": 5 }, "model": "item/item/material1"},
		{ "predicate": { "custom_model_data": 6 }, "model": "item/item/material3"},
		{ "predicate": { "custom_model_data": 7 }, "model": "item/item/materialmenu1"},
		{ "predicate": { "custom_model_data": 8 }, "model": "item/item/materialmenu2"},
		{ "predicate": { "custom_model_data": 9 }, "model": "item/item/materialmenu3"},
		{ "predicate": { "custom_model_data": 10 }, "model": "item/item/materialmenu4"},
		{ "predicate": { "custom_model_data": 11 }, "model": "item/item/materialmenu5"},
		{ "predicate": { "custom_model_data": 12 }, "model": "item/item/heart1"},
		{ "predicate": { "custom_model_data": 13 }, "model": "item/item/heart2"},
		{ "predicate": { "custom_model_data": 14 }, "model": "item/item/heart3"},
		{ "predicate": { "custom_model_data": 15 }, "model": "item/item/speedsphere"},
		{ "predicate": { "custom_model_data": 16 }, "model": "item/item/armorsphere"},
		{ "predicate": { "custom_model_data": 17 }, "model": "item/item/priv1"},
		{ "predicate": { "custom_model_data": 18 }, "model": "item/item/priv2"},
		{ "predicate": { "custom_model_data": 19 }, "model": "item/item/priv3"},
		{ "predicate": { "custom_model_data": 20 }, "model": "item/item/priv4"},
		{ "predicate": { "custom_model_data": 21 }, "model": "item/item/priv5"},
		{ "predicate": { "custom_model_data": 22 }, "model": "item/item/priv6"},
		{ "predicate": { "custom_model_data": 23 }, "model": "item/item/priv7"},
		{ "predicate": { "custom_model_data": 24 }, "model": "item/item/speedicon"},
		{ "predicate": { "custom_model_data": 25 }, "model": "item/item/strengthicon"},
		{ "predicate": { "custom_model_data": 26 }, "model": "item/item/wisdomicon"},
		{ "predicate": { "custom_model_data": 27 }, "model": "item/item/money"},
		{ "predicate": { "custom_model_data": 28 }, "model": "item/item/materiallocation1"},
		{ "predicate": { "custom_model_data": 29 }, "model": "item/item/materiallocation2"},
		{ "predicate": { "custom_model_data": 30 }, "model": "item/item/frozenmaterial"},
		{ "predicate": { "custom_model_data": 31 }, "model": "item/item/frozenmaterial1"},
		{"predicate": {"custom_model_data":2500}, "model": "rpg_mount_model/icon_dragon_desert"},
		{"predicate": {"custom_model_data":2501}, "model": "rpg_mount_model/icon_dragon_glacial"},
		{"predicate": {"custom_model_data":2502}, "model": "rpg_mount_model/icon_dragon_nether"},
		{"predicate": {"custom_model_data":2503}, "model": "rpg_mount_model/icon_dragon_sculk"},
		{"predicate": {"custom_model_data":2504}, "model": "rpg_mount_model/icon_lizard_aqua"},
		{"predicate": {"custom_model_data":2505}, "model": "rpg_mount_model/icon_lizard_lava"},
		{"predicate": {"custom_model_data":2506}, "model": "rpg_mount_model/icon_manticore_aether"},
		{"predicate": {"custom_model_data":2507}, "model": "rpg_mount_model/icon_manticore_dusk"},
		{"predicate": {"custom_model_data":2508}, "model": "rpg_mount_model/icon_manticore_soul"},
		{"predicate": {"custom_model_data":2509}, "model": "rpg_mount_model/icon_manticore_venom"},
		{"predicate": {"custom_model_data":2510}, "model": "rpg_mount_model/icon_panda"},
		{"predicate": {"custom_model_data":2511}, "model": "rpg_mount_model/icon_sabertooth_arctic"},
		{"predicate": {"custom_model_data":2512}, "model": "rpg_mount_model/icon_sabertooth_midnight"},
		{"predicate": {"custom_model_data":2513}, "model": "rpg_mount_model/icon_sabertooth_savanna"},
		{"predicate": {"custom_model_data":2520}, "model": "rpg_mount_2_model/icon_capybara"},
		{"predicate": {"custom_model_data":2521}, "model": "rpg_mount_2_model/icon_horse_glacial"},
		{"predicate": {"custom_model_data":2522}, "model": "rpg_mount_2_model/icon_horse_magma"},
		{"predicate": {"custom_model_data":2523}, "model": "rpg_mount_2_model/icon_horse_pegasus"},
		{"predicate": {"custom_model_data":2524}, "model": "rpg_mount_2_model/icon_horse_spartan"},
		{"predicate": {"custom_model_data":2525}, "model": "rpg_mount_2_model/icon_horse_unicorn"},
		{"predicate": {"custom_model_data":2526}, "model": "rpg_mount_2_model/icon_kitsune_demonic"},
		{"predicate": {"custom_model_data":2527}, "model": "rpg_mount_2_model/icon_kitsune_inferno"},
		{"predicate": {"custom_model_data":2528}, "model": "rpg_mount_2_model/icon_kitsune_normal"},
		{"predicate": {"custom_model_data":2529}, "model": "rpg_mount_2_model/icon_phantom_ender"},
		{"predicate": {"custom_model_data":2530}, "model": "rpg_mount_2_model/icon_phantom_ghost"},
		{"predicate": {"custom_model_data":2531}, "model": "rpg_mount_2_model/icon_phoenix_darkflame"},
		{"predicate": {"custom_model_data":2532}, "model": "rpg_mount_2_model/icon_phoenix_flame"},
		{"predicate": {"custom_model_data":2533}, "model": "rpg_mount_2_model/icon_phoenix_light"},
		{"predicate": {"custom_model_data":2534}, "model": "rpg_mount_2_model/icon_phoenix_thunder"}
	]
}